timestamp,sensor_id,temperature,humidity,pressure,status
2024-01-01 00:00:00,4,19.310994450612093,57.64099884539539,1008.8346067076023,OK
2024-01-01 01:00:00,5,21.664036538479174,44.82550718238993,1009.7531097580176,OK
2024-01-01 02:00:00,3,26.406823856297176,50.98904282231382,1011.1574555939478,OK
2024-01-01 03:00:00,5,18.62830499637989,42.8103471797229,1012.6929061170921,OK
2024-01-01 04:00:00,5,24.85001618652154,60.575685543284024,1005.5313729865405,OK
2024-01-01 05:00:00,2,27.179549405726092,34.07970902001202,1018.8344672010084,OK
2024-01-01 06:00:00,3,23.373655231000047,30.25924313869934,1007.4724204495526,OK
2024-01-01 07:00:00,3,16.947137864902356,61.394720747431805,1021.1005531101943,OK
2024-01-01 08:00:00,3,22.98053567191004,39.71369767560211,1007.6252413108357,OK
2024-01-01 09:00:00,5,21.756643137523938,33.54704584999638,1019.659601901571,OK
2024-01-01 10:00:00,4,23.403384259789455,49.839191360694414,1013.1078927120046,OK
2024-01-01 11:00:00,3,24.208367052007773,32.53842655196985,1004.6678777702801,OK
2024-01-01 12:00:00,5,19.660894358020364,74.33085744753299,1008.0351930319857,OK
2024-01-01 13:00:00,2,19.46831091896822,31.380838593685237,1019.8823583415952,OK
2024-01-01 14:00:00,4,21.54839842522065,58.943244775377934,1015.4932433702601,OK
2024-01-01 15:00:00,2,19.103326984315075,51.92370615090435,1012.856341581661,ERROR
2024-01-01 16:00:00,4,22.451467234331783,63.60130676475997,1002.1661947275854,OK
2024-01-01 17:00:00,5,21.65973624596082,46.4076333737366,1020.1978316930748,OK
2024-01-01 18:00:00,1,29.90058466183637,37.75208083638721,1022.6021194890776,ERROR
2024-01-01 19:00:00,4,18.924727333567404,79.09204441552654,1021.6900851618445,OK
2024-01-01 20:00:00,2,19.653856521100483,71.94667510346817,1010.1737739211526,WARNING
2024-01-01 21:00:00,5,23.271829209372804,73.02023091558377,1015.163997335754,OK
2024-01-01 22:00:00,4,24.618115293971552,42.5125680257932,1015.7107051696834,OK
2024-01-01 23:00:00,1,28.861677948871876,31.94173672147116,1005.6127368708279,OK
2024-01-02 00:00:00,1,26.86876149802412,45.16327573366114,1014.1524625274977,WARNING
2024-01-02 01:00:00,3,24.471199230925425,56.854121359832774,1018.6052076205875,OK
2024-01-02 02:00:00,3,22.879177736936718,46.33256208980204,1017.0723911766286,ERROR
2024-01-02 03:00:00,2,24.689891151132837,71.39345018937944,1007.6941809362795,OK
2024-01-02 04:00:00,4,20.169033947957995,43.577145790987096,1008.9369243921723,WARNING
2024-01-02 05:00:00,4,21.051502309570683,78.26259151953849,1017.2029699471208,OK
2024-01-02 06:00:00,3,17.55272725942326,52.86325808068643,1016.4142621869136,WARNING
2024-01-02 07:00:00,4,21.31345745128295,72.10115375059907,1001.979206602412,OK
2024-01-02 08:00:00,4,24.887923869999106,39.71900169974365,1000.967034271133,OK
2024-01-02 09:00:00,1,21.370922689489007,50.56769525283393,1012.8673396932422,OK
2024-01-02 10:00:00,3,19.67787120776049,64.97561053835969,1010.3017357165642,OK
2024-01-02 11:00:00,5,20.920665564124036,36.91765462089007,1011.7584938841815,OK
2024-01-02 12:00:00,3,24.17224975457763,36.63727111214849,1011.1935470467009,OK
2024-01-02 13:00:00,5,21.232706089123173,78.47684335570796,1018.1701177228155,OK
2024-01-02 14:00:00,1,24.54976361218705,65.7297552089976,1013.7678404222117,OK
2024-01-02 15:00:00,2,18.06602732274667,32.05337583839379,1014.5881800708156,WARNING
2024-01-02 16:00:00,4,19.38908513631678,49.94104507223973,1006.5384358674501,ERROR
2024-01-02 17:00:00,1,20.480070341105428,51.6760368790371,996.4295223676835,OK
2024-01-02 18:00:00,4,,67.20213214995576,1018.8677089084575,WARNING
2024-01-02 19:00:00,2,30.83099024944385,42.543026367333056,1023.9660259405695,WARNING
2024-01-02 20:00:00,2,18.711202614155933,39.216683716568504,1011.5370556588467,OK
2024-01-02 21:00:00,1,24.744652965778037,34.04364833085988,1014.4965727081097,OK
2024-01-02 22:00:00,2,20.001818139308714,51.41572374700539,1014.8725915818728,OK
2024-01-02 23:00:00,5,20.45863752547526,64.42499503826832,1021.6264662483411,OK
2024-01-03 00:00:00,2,22.903968402848903,32.90967977542218,1017.6949214713858,OK
2024-01-03 01:00:00,4,17.624449237039727,75.76068638132402,1015.7303211661293,OK
2024-01-03 02:00:00,4,20.01178505986536,52.11761148655522,1013.5278607847198,WARNING
2024-01-03 03:00:00,4,21.56058157977515,41.98936795787016,1013.5511646074455,WARNING
2024-01-03 04:00:00,4,19.46194895063288,34.693664504064586,1006.0526920168313,OK
2024-01-03 05:00:00,5,19.53253189365981,39.14329985536537,1011.3325623690262,OK
2024-01-03 06:00:00,3,25.26018106911782,76.73069986698549,1017.6810098306469,OK
2024-01-03 07:00:00,1,25.014960642107894,61.913529692167515,1012.08148410343,OK
2024-01-03 08:00:00,4,20.674701930321962,55.83481287132833,1013.4717527874953,OK
2024-01-03 09:00:00,2,21.747504744456467,62.85556642500834,1007.3693626100546,WARNING
2024-01-03 10:00:00,4,25.711048218809385,51.78364493389455,1015.4775345064069,OK
2024-01-03 11:00:00,2,17.720563345823344,66.50196582809093,1005.9412167198213,WARNING
2024-01-03 12:00:00,2,23.014067976625423,32.38580638458244,1014.6994140576857,ERROR
2024-01-03 13:00:00,4,27.92371359086046,58.30186052470381,1012.3138752182559,OK
2024-01-03 14:00:00,5,27.89510429177639,37.93232238212455,1004.5335737639411,WARNING
2024-01-03 15:00:00,2,16.180266344190272,36.00823239028211,1018.5973897602044,OK
2024-01-03 16:00:00,2,19.712119107354546,47.09398333582008,1012.4306736826852,OK
2024-01-03 17:00:00,4,22.505978161579883,34.58995329067209,1022.5538902705958,OK
2024-01-03 18:00:00,2,18.034369148099685,34.70784941342801,1020.6412605741123,WARNING
2024-01-03 19:00:00,2,19.99525990260276,45.57066546956471,1008.8526607987662,OK
2024-01-03 20:00:00,4,21.588126988962188,78.97552643107542,1009.2914001067221,WARNING
2024-01-03 21:00:00,4,26.203964694080874,38.76651349446693,1007.3901157277478,ERROR
2024-01-03 22:00:00,1,21.86379203413949,30.858055091587513,1005.3176819078683,OK
2024-01-03 23:00:00,5,22.650810178487028,68.16822115019555,1011.139114125245,ERROR
2024-01-04 00:00:00,5,23.53727119711481,70.34564885253897,1020.4687360484288,OK
2024-01-04 01:00:00,2,23.63046607372731,47.31521605447004,1003.6754631519524,OK
2024-01-04 02:00:00,5,22.084298390044605,53.23369064698057,1017.5097223378234,OK
2024-01-04 03:00:00,2,18.408738809985092,62.48868413213817,1017.091697271525,OK
2024-01-04 04:00:00,1,24.369018414252018,32.402946209851685,1016.0234639711182,WARNING
2024-01-04 05:00:00,4,,77.4572865795693,1016.9158668237218,OK
2024-01-04 06:00:00,4,18.70974310426843,74.33401936490237,1007.7288910572644,OK
2024-01-04 07:00:00,4,19.953095308239185,43.0446811670857,1017.0578592064879,ERROR
2024-01-04 08:00:00,5,24.662534843248807,30.765227014519237,1010.5037090922947,OK
2024-01-04 09:00:00,1,23.816449392543024,76.67181540397415,1000.9540331896072,OK
2024-01-04 10:00:00,5,19.83910602142356,55.05199419576296,1013.5370647387819,OK
2024-01-04 11:00:00,5,21.190198692772928,56.96887242000312,1009.0294613379563,WARNING
2024-01-04 12:00:00,1,21.569613311107933,64.19818846990705,1020.0440831666637,OK
2024-01-04 13:00:00,1,23.85101132714539,60.79255821949569,1011.8182674191704,WARNING
2024-01-04 14:00:00,1,25.746822097419734,77.19458022803786,1013.478039199628,WARNING
2024-01-04 15:00:00,1,22.196947474333676,77.21257985625837,1015.1958978807227,OK
2024-01-04 16:00:00,4,25.507622940857868,73.35994667775019,1011.9129968105831,OK
2024-01-04 17:00:00,3,24.61995090726828,61.820179872300564,1012.7307944128501,OK
2024-01-04 18:00:00,3,22.616950402020013,70.04746473411998,1017.4678701139018,OK
2024-01-04 19:00:00,1,17.669549944911285,63.85841711914909,1007.9183926088001,OK
2024-01-04 20:00:00,3,18.916867407734532,58.668352083596666,1009.740932787362,OK
2024-01-04 21:00:00,3,24.223721905135655,36.425017661695506,1008.4144447269952,OK
2024-01-04 22:00:00,1,16.868411264424907,70.56020883680014,1020.4337733627477,OK
2024-01-04 23:00:00,3,22.356935475687955,71.03197378719777,1009.7415001149609,OK
2024-01-05 00:00:00,5,25.001456823286315,61.29698350507864,1012.5335837064146,OK
2024-01-05 01:00:00,2,22.45726258677778,71.02134218856341,1010.246976593752,OK
2024-01-05 02:00:00,2,20.19580826328482,62.5742385928894,1011.7091102336261,OK
2024-01-05 03:00:00,1,19.46015692940561,40.33421799383727,1009.5628526676161,OK
2024-01-04 11:00:00,5,21.190198692772928,56.96887242000312,1009.0294613379563,WARNING
2024-01-01 10:00:00,4,23.403384259789455,49.839191360694414,1013.1078927120046,OK
2024-01-02 06:00:00,3,17.55272725942326,52.86325808068643,1016.4142621869136,WARNING
